tp_rank,step_id,layer_id,queue_wait_us,address_build_us,address_npu_idle_us,address_npu_idle_pct,batch_copy_get_us,copy_npu_idle_us,copy_npu_idle_pct,layer_task_us,layer_task_npu_idle_us,layer_task_npu_idle_pct,model_wait_us,model_wait_npu_idle_us,model_wait_npu_idle_pct,debug_batch_copy_get_us,request_call_count,key_count
0,485,0,,,,,,,,,,,21298.16,20156.958,94.64178126185547,,,
0,485,1,386,102664.41,101923.546,99.27836335883096,,,,494328.99,378607.903,76.59026896237665,365067.1,277631.299,76.04938900273402,360958,20,4535
0,485,2,496480,88346.58,88212.037,99.84771000756338,,,,324634.21,95394.187,29.38513072913665,250493.33,0.0,0.0,221670,20,4535
0,485,3,822967,88750.39,0.0,0.0,,,,340645.14,0.0,0.0,267366.48,0.0,0.0,237597,20,4535
0,485,4,1002434,86983.51,0.0,0.0,,,,326651.37,0.0,0.0,248661.05,0.0,0.0,224360,20,4535
0,485,5,889937,88847.46,0.0,0.0,,,,309182.23,0.0,0.0,235043.71,0.0,0.0,205641,20,4535
0,485,6,875367,89134.18,0.0,0.0,,,,324207.35,0.0,0.0,249571.94,0.0,0.0,220649,20,4535
0,485,7,859425,88649.49,0.0,0.0,,,,310246.62,0.0,0.0,237049.51,0.0,0.0,207709,20,4535
0,485,8,841467,89017.59,0.0,0.0,,,,339131.6,0.0,0.0,271373.28,0.0,0.0,235680,20,4535
0,485,9,871112,89912.57,0.0,0.0,,,,327112.17,0.0,0.0,241573.82,0.0,0.0,222640,20,4535
0,485,10,875640,89140.44,0.0,0.0,,,,299969.99,0.0,0.0,226160.37,0.0,0.0,196831,20,4535
0,485,11,864253,88641.23,0.0,0.0,,,,297812.61,0.0,0.0,223408.56,0.0,0.0,194689,20,4535
0,485,12,821786,710048.82,335314.357,47.2241270677698,,,,928045.23,442913.325,47.725402887960534,230681.54,132605.788,57.484351803789764,203402,20,4535
0,485,13,1424331,87913.61,85979.532,97.80002436482816,,,,302704.91,190536.625,62.9446760543131,227833.87,129938.37,57.03206902468013,200147,20,4535
0,485,14,1426382,87887.18,86746.097,98.70165022930534,,,,354052.7,241354.499,68.16908866956813,280804.6,180826.072,64.39569437252808,250323,20,4535
0,485,15,859703,87847.56,86213.608,98.14001436124121,,,,307771.09,195698.976,63.58588651065308,232773.29,134826.606,57.92185435021346,205341,20,4535
0,485,16,861795,87044.97,86140.932,98.9614127042608,,,,304146.74,191990.038,63.12414790308126,230944.61,131679.542,57.0178026670551,202567,20,4535
0,485,17,864839,87009.88,86377.207,99.27287223014213,,,,301419.74,189097.302,62.73554014743693,228440.99,128831.082,56.39578168523959,199834,20,4535
0,485,18,810623,88445.52,88344.918,99.88625540332626,,,,319712.5,96373.295,30.143736951167064,244583.91,0.0,0.0,216082,20,4535
0,485,19,824335,87854.64,0.0,0.0,,,,327027.15,0.0,0.0,254877.46,0.0,0.0,224651,20,4535
0,485,20,847285,90123.19,0.0,0.0,,,,315962.27,0.0,0.0,239857.26,0.0,0.0,211348,20,4535
0,485,21,859748,89470.64,0.0,0.0,,,,341834.98,0.0,0.0,261672.4,0.0,0.0,237590,20,4535
0,485,22,884743,92981.3,0.0,0.0,,,,320960.12,0.0,0.0,244104.07,0.0,0.0,212446,20,4535
0,485,23,874971,90395.06,0.0,0.0,,,,333446.73,0.0,0.0,257009.93,0.0,0.0,226949,20,4535
0,485,24,893809,87760.34,0.0,0.0,,,,311349.55,0.0,0.0,241156.62,0.0,0.0,204753,20,4535
0,485,25,861807,90157.65,0.0,0.0,,,,311423.83,0.0,0.0,205332.54,0.0,0.0,202281,20,4535
0,485,26,,,,,,,,,,,432.31,0.0,0.0,,,
0,486,0,,,,,,,,,,,26394.73,25733.796,97.49596226216369,,,
0,486,1,335,89162.73,88933.914,99.74337259525365,,,,306790.06,195484.362,63.719261960442914,234094.43,131729.31,56.27186857884658,200395,20,4555
0,486,2,308873,87885.92,87751.197,99.8467069582932,,,,315179.56,202898.516,64.37553120513273,240241.48,140505.861,58.48526282805117,212199,20,4555
0,486,3,625913,88147.47,87842.885,99.65445973662091,,,,314404.73,201521.294,64.09613939332274,240502.5,139673.823,58.07582998097733,211874,20,4555
0,486,4,836201,88403.22,88074.073,99.62767532675846,,,,302384.3,190468.358,62.98883837553736,226981.75,128247.745,56.50134647389052,199386,20,4555
0,486,5,829302,88160.03,87817.864,99.61188080357958,,,,304878.8,192759.346,63.22490970182249,227993.83,129637.906,56.860269420448795,201532,20,4555
0,486,6,820008,91606.63,91500.748,99.88441666285509,,,,326594.89,213828.274,65.47202070430436,243456.12,143395.454,58.899917570361346,219273,20,4555
0,486,7,830996,89972.28,89561.253,99.54316262742257,,,,329324.94,215925.584,65.56611958997092,252050.05,151556.869,60.12967226152108,224706,20,4555
0,486,8,856114,818514.28,807852.664,98.69744288395312,,,,1057073.38,933703.432,88.32910275349097,252694.49,151108.692,59.7989659370887,224262,20,4555
0,486,9,1602130,87825.81,85501.843,97.35389061598178,,,,306746.96,194879.559,63.53104819685907,232208.7,134632.72,57.97918854892172,203950,20,4555
0,486,10,1588061,88795.3,88699.718,99.89235691528717,,,,318751.38,209156.543,65.61745489541096,231760.39,135124.44,58.30350906813714,215063,20,4555
0,486,11,850191,88884.14,88772.337,99.87421490493129,,,,303312.17,152424.918,50.253479113614205,228798.83,88705.387,38.77003523138646,199909,20,4555
0,486,12,826313,87939.88,85710.858,97.46528878592964,,,,333669.33,158102.648,47.38303277679132,261444.16,97547.062,37.310859037738695,230859,20,4555
0,486,13,851288,87824.47,85286.579,97.1102689261888,,,,302647.9,150881.928,49.853948433146236,228720.9,90300.742,39.480756677680084,200072,20,4555
0,486,14,837558,91963.07,89468.12,97.28700879603083,,,,489848.04,371038.917,75.74571840687574,350727.99,288276.957,82.19388392697144,374649,20,4555
0,486,15,1026337,89582.96,89201.452,99.57412882985783,,,,326339.33,213386.758,65.38799904994596,248911.6,148898.802,59.81995294715071,217638,20,4555
0,486,16,1017571,90738.88,90151.828,99.35303146787793,,,,335233.41,221569.051,66.09396450073399,253928.21,155099.97,61.08024390043155,225255,20,4555
0,486,17,989635,88989.92,88891.058,99.88890651885069,,,,312816.5,199945.91,63.917955095079705,227540.04,125819.52,55.29555149941962,208800,20,4555
0,486,18,869218,89127.75,88469.837,99.26183147224069,,,,351461.04,237388.664,67.54337948809348,257859.74,159675.316,61.92332157009078,247117,20,4555
0,486,19,890198,89941.38,89847.239,99.89533071429413,,,,333084.38,220450.41,66.18455359569849,255633.71,155403.087,60.791312303842865,226390,20,4555
0,486,20,894546,88150.35,88051.568,99.88793918572077,,,,325717.48,212299.191,65.17893697323214,252580.75,149367.073,59.13636450917182,222699,20,4555
0,486,21,903811,88061.84,87973.819,99.90004637650088,,,,343600.26,230099.002,66.96706283051124,271332.71,167361.16,61.681158898976825,240914,20,4555
0,486,22,897278,88379.91,88050.545,99.62733046458182,,,,348985.77,236511.668,67.77114952280145,272896.44,173500.897,63.57755967794962,245493,20,4555
0,486,23,917473,87506.25,86924.018,99.33463952574814,,,,324323.59,211814.922,65.30974882215628,249919.84,150347.26,60.15819312304297,222253,20,4555
0,486,24,917286,91777.14,91002.665,99.15613517701685,,,,319962.05,207735.749,64.92512127610135,240884.83,141605.436,58.78553497951697,212724,20,4555
0,486,25,890020,88801.53,88263.88,99.39454872005021,,,,320842.73,207237.057,64.59147664028417,214253.18,113875.211,53.14983469556905,217348,20,4555
0,486,26,,,,,,,,,,,400.52,0.0,0.0,,,
0,487,0,,,,,,,,,,,21228.76,20463.586,96.39557845112009,,,
0,487,1,347,749609.09,738918.161,98.57379944525485,,,,992742.43,870028.463,87.63889169117108,260721.71,156635.716,60.07774189575543,226003,20,4575
0,487,2,995065,88888.94,88754.777,99.84906671178663,,,,310964.63,197912.669,63.64475245946781,230389.76,128446.217,55.75170398198254,207370,20,4575
0,487,3,1307817,88094.0,85917.535,97.52938338592867,,,,308133.07,195204.689,63.35077536468254,233579.95,134828.113,57.722468473856594,205788,20,4575
0,487,4,851877,89090.49,88995.187,99.89302674168702,,,,303579.77,193505.327,63.74117978941745,226946.78,129836.556,57.210133582860266,200135,20,4575
0,487,5,819453,88303.77,88193.108,99.87468032225576,,,,319923.98,117473.48,36.71918560152947,244656.49,53374.646,21.81615783010702,216683,20,4575
0,487,6,829127,88220.03,85765.882,97.21815102533971,,,,317723.02,133869.834,42.134131168714184,242250.19,72337.955,29.86084551677751,214605,20,4575
0,487,7,836825,88654.42,86013.508,97.02111637524672,,,,316174.3,144115.023,45.580878331983335,244171.29,85441.615,34.99249031284554,212579,20,4575
0,487,8,850820,92561.85,90095.961,97.33595536389991,,,,318212.31,156104.894,49.05683692752176,229792.97,81196.755,35.33474283395179,211030,20,4575
0,487,9,849194,88986.93,86367.036,97.05586651882473,,,,327573.07,174302.185,53.2101692608614,249729.51,110969.712,44.435962734239936,222153,20,4575
0,487,10,860100,88525.08,86124.77,97.28855370703985,,,,335708.72,191381.939,57.00833121046127,255514.27,129918.568,50.84591478980803,232464,20,4575
0,487,11,875527,89518.79,88027.48,98.33408159337274,,,,325838.22,190555.679,58.48168425422899,244024.19,121787.233,49.907852578057934,221880,20,4575
0,487,12,883745,88543.18,86751.843,97.97687749638085,,,,308594.68,185127.914,59.99063690922993,232709.2,122127.237,52.48062259678603,204766,20,4575
0,487,13,861139,87929.14,86255.047,98.09608850945206,,,,328195.87,205601.56,62.64599246785159,253547.15,143094.705,56.437118303242606,225353,20,4575
0,487,14,858144,88996.1,87782.595,98.6364514849527,,,,312216.96,198319.193,63.5196733066647,236862.32,134672.548,56.856889690179514,208896,20,4575
0,487,15,845417,87047.05,85828.425,98.60003871469509,,,,323064.11,207963.867,64.37232133275343,248075.02,146953.624,59.23757418219699,221424,20,4575
0,487,16,860967,89122.2,88523.289,99.32798898590924,,,,316247.09,202110.9,63.90917304567134,235329.35,133609.792,56.7756601545876,209016,20,4575
0,487,17,848745,89144.47,88771.682,99.58181589951681,,,,327728.68,213486.066,65.1410996437663,254363.12,149976.415,58.961540886902156,224312,20,4575
0,487,18,864210,87731.59,87633.888,99.88863532508645,,,,306220.02,193063.764,63.04740101577943,232032.19,130517.754,56.249847919808026,203516,20,4575
0,487,19,846311,88593.73,88504.769,99.8995854447036,,,,303234.07,190231.371,62.73416803065698,1038623.07,935411.733,90.06267625077884,199771,20,4575
0,487,20,835978,902935.58,899925.239,99.66660511927107,,,,1132252.07,1017016.925,89.82248316843439,242447.0,141318.385,58.288361992517956,214860,20,4575
0,487,21,1639662,88466.12,85901.745,97.10129143224547,,,,329838.05,214642.302,65.07505789583706,256015.18,152837.092,59.69844913102419,225435,20,4575
0,487,22,1662685,87761.7,85877.543,97.85309878910734,,,,320645.64,206687.574,64.45981114853144,246720.96,145400.144,58.93303268599474,210426,20,4575
0,487,23,865402,88175.32,86126.321,97.67622164569404,,,,324142.13,210231.937,64.8579488880387,246862.19,147063.378,59.573067062234195,220736,20,4575
0,487,24,873601,88417.85,86656.134,98.00751092680946,,,,330319.7,217132.936,65.73417692011708,255010.95,154635.966,60.63895138620517,227255,20,4575
0,487,25,873531,88183.42,85918.115,97.43114408581567,,,,310761.41,197579.383,63.579124254842334,204679.92,105833.996,51.70707317063637,207891,20,4575
0,487,26,,,,,,,,,,,453.56,0.0,0.0,,,
1,485,0,,,,,,,,,,,6215.56,15.31,0.24631730688787493,,,
1,485,1,345,99436.36,88590.433,89.09259449963777,,,,454324.06,298472.992,65.6960566869384,1015357.75,884808.001,87.14248756165007,323749,20,4500
1,485,2,456378,757698.05,746623.463,98.53839045778196,,,,975060.17,915007.971,93.84118018070619,230893.32,194312.959,84.15702931552978,203636,20,4500
1,485,3,1433225,87715.27,86161.26,98.22834724216204,,,,307316.0,257345.425,83.73967674966484,234627.7,197038.515,83.97922112350757,205690,20,4500
1,485,4,1602835,87391.28,85631.324,97.98611943891883,,,,302692.36,252822.593,83.52460332992878,229828.76,192570.948,83.78888177441327,201568,20,4500
1,485,5,812843,88718.36,86405.096,97.3925757870186,,,,309579.22,259412.458,83.79517785463767,234947.91,198485.564,84.48066807659622,206456,20,4500
1,485,6,818981,87633.21,85396.624,97.4477872030478,,,,310263.17,261076.367,84.14674774321425,236982.16,200985.44,84.81036716012716,208101,20,4500
1,485,7,821406,87681.23,85412.646,97.41269140499055,,,,342041.65,292399.439,85.48650113224515,267862.57,232283.849,86.71754661354888,239436,20,4500
1,485,8,859064,86358.18,83780.927,97.01562376604046,,,,325738.86,273446.862,83.94665039350848,254014.64,214930.766,84.61353487342305,225237,20,4500
1,485,9,876727,86940.66,84587.393,97.29324921158867,,,,303117.36,253011.497,83.46981413403707,231148.24,194107.263,83.97522862384763,202093,20,4500
1,485,10,868945,86822.55,84783.15,97.65107106391139,,,,310705.34,264185.627,85.0277072804735,238347.92,205563.519,86.24514910807696,209584,20,4500
1,485,11,839935,86773.6,86684.699,99.89754833267259,,,,302082.75,257467.362,85.2307395903937,230540.06,197605.373,85.71411536892981,201143,20,4500
1,485,12,816160,87155.4,87065.118,99.89641261470891,,,,310276.48,116974.118,37.699962949173596,227718.37,45390.034,19.93253069570101,208744,20,4500
1,485,13,823009,87526.65,85398.667,97.56875991483736,,,,319819.28,128582.881,40.20485600492878,247376.85,68361.948,27.63473946733496,217866,20,4500
1,485,14,832750,87939.98,86372.792,98.21788906479169,,,,347396.25,175960.344,50.65119269422166,273190.45,113141.892,41.41502457351639,242305,20,4500
1,485,15,877200,87413.11,85940.56,98.31541287113569,,,,332964.17,152654.528,45.84713364203722,259542.09,91887.302,35.403622587766016,230847,20,4500
1,485,16,899766,86579.83,85375.627,98.60914141319057,,,,307389.97,151788.399,49.37975009399299,235182.23,91476.82,38.89614449186913,206608,20,4500
1,485,17,885671,91073.51,90109.09,98.94105322173264,,,,909856.33,752611.612,82.71763213429531,832056.9,687027.304,82.56975021780362,213528,20,4500
1,485,18,1448861,86911.17,84939.931,97.73189222973295,,,,313086.63,263082.629,84.02870125754013,240654.33,203681.177,84.63640650056037,212012,20,4500
1,485,19,1430309,93056.07,91274.174,98.08513727261423,,,,327322.09,277399.715,84.74824140344454,243722.9,206867.417,84.87812060335733,220574,20,4500
1,485,20,1444788,87681.28,85260.012,97.23855764879346,,,,304777.71,254962.138,83.65511309865803,231807.51,195027.546,84.13340275299969,203279,20,4500
1,485,21,844718,86618.01,84332.064,97.36088834181253,,,,311592.82,261910.446,84.05535339357306,235315.82,198826.513,84.49347476935465,207956,20,4500
1,485,22,837393,89286.47,86615.421,97.00845044047547,,,,314981.15,265377.886,84.2519896825572,237147.86,204024.201,86.03248665199847,211368,20,4500
1,485,23,830770,86660.08,84483.416,97.48827372418765,,,,306720.8,257691.398,84.01497322646523,234319.6,198214.18,84.59137861280064,206139,20,4500
1,485,24,834077,87640.9,85105.37,97.10691012985947,,,,317805.61,270301.68,85.052519997995,244554.63,211470.362,86.47162476539495,216150,20,4500
1,485,25,833575,87095.81,87006.189,99.89710067568119,,,,294811.32,248939.892,84.44041158256745,191524.8,157440.303,82.20361175158519,194045,20,4500
1,485,26,,,,,,,,,,,386.85,0.0,0.0,,,
1,486,0,,,,,,,,,,,34973.04,23710.003,67.79508730153285,,,
1,486,1,357,97870.0,86997.18,88.89054868703381,,,,316615.1,192076.655,60.665664714032914,232002.21,126556.925,54.54987907227263,203177,20,4500
1,486,2,318706,90125.33,90031.149,99.8954999665466,,,,304047.98,192656.999,63.36401215360814,229273.66,128706.797,56.13675683460543,200094,20,4500
1,486,3,624547,86617.13,86530.408,99.89987892695127,,,,306499.08,180662.63,58.943938755052706,235303.17,120315.742,51.13222316554426,206282,20,4500
1,486,4,819807,87721.48,87345.672,99.57158953542509,,,,311066.78,178159.683,57.27377349648201,233585.88,112616.571,48.212062732559005,209307,20,4500
1,486,5,819023,87316.61,87227.769,99.89825418096282,,,,305545.09,180007.472,58.91355413369594,228428.66,114091.845,49.94637932035323,204554,20,4500
1,486,6,823773,130510.24,31137.259,23.85809649878814,,,,356829.26,160778.064,45.05742158028185,320626.06,162788.115,50.77195378317034,212850,20,4500
1,486,7,872873,87185.47,86857.844,99.62421949437217,,,,309592.76,211566.884,68.33715491279575,238052.02,151938.142,63.82560500851873,208631,20,4500
1,486,8,871927,87976.05,87887.529,99.89938057005287,,,,318151.28,94632.125,29.744379780587394,245216.3,0.0,0.0,216570,20,4500
1,486,9,920498,86654.6,0.0,0.0,,,,458768.53,0.0,0.0,377500.98,0.0,0.0,329263,20,4500
1,486,10,986603,87211.21,0.0,0.0,,,,1015572.1,221645.884,21.82473149863018,954282.12,258970.641,27.137744234377987,212976,20,4500
1,486,11,1691931,87522.1,84977.267,97.09235381692167,,,,323515.21,274213.639,84.76066364854994,252885.14,215258.716,85.12114076770187,222171,20,4500
1,486,12,1698627,88551.51,86301.125,97.45867122988643,,,,310869.61,262349.588,84.39216300364644,236477.81,201222.193,85.09136354062143,208363,20,4500
1,486,13,1555598,87280.58,84549.008,96.87035535281733,,,,327142.34,277757.18,84.90407569989259,237725.24,202265.303,85.08364656609454,224775,20,4500
1,486,14,863105,125409.2,63993.692,51.02790863828172,,,,379139.99,307723.973,81.16368125662503,372751.26,308556.275,82.77806358052285,239416,20,4500
1,486,15,915362,87791.02,87531.655,99.7045654555557,,,,332407.91,236734.109,71.2179529662817,260469.9,176345.009,67.70264395233383,228503,20,4500
1,486,16,939709,87638.47,87369.046,99.69257336418583,,,,312324.54,219538.225,70.29169882072027,238942.97,158645.761,66.39482258046763,210618,20,4500
1,486,17,995036,86694.97,86605.828,99.89717742563379,,,,333936.37,221062.556,66.19900551712891,262880.84,161482.882,61.42816722588074,233386,20,4500
1,486,18,879010,87887.08,87570.594,99.63989473765655,,,,339062.75,247260.356,72.92465952098837,268530.42,186654.014,69.50944850121635,236783,20,4500
1,486,19,884179,87554.98,87464.159,99.8962697495905,,,,323816.87,220092.725,67.96827015220053,246365.78,158317.564,64.26118270159111,222318,20,4500
1,486,20,897750,90767.54,90678.557,99.90196605526602,,,,321815.07,213151.529,66.23416641116279,245705.54,148906.512,60.60364450878885,217120,20,4500
1,486,21,886276,92524.29,81747.355,88.3523180777718,,,,324749.85,201689.877,62.106226377009875,251834.45,147832.146,58.702114027687635,218083,20,4500
1,486,22,865263,87297.79,86942.102,99.59255784138406,,,,334647.57,200655.039,59.96010638893926,262546.13,139623.53,53.18057059153757,232703,20,4500
1,486,23,876858,87790.47,87219.911,99.3500900496375,,,,308347.14,162608.863,52.73564820481228,235325.29,100256.573,42.60339932014957,206639,20,4500
1,486,24,866948,87223.88,85987.555,98.58258426476786,,,,337857.85,169617.909,50.20392718416933,271133.53,114217.962,42.1260926304467,236244,20,4500
1,486,25,880768,87617.41,86790.03,99.05568995933571,,,,335974.99,188036.482,55.96740459758627,233219.25,97102.106,41.6355450932974,234356,20,4500
1,486,26,,,,,,,,,,,424.99,0.0,0.0,,,
1,487,0,,,,,,,,,,,16182.02,4837.653,29.8952355762754,,,
1,487,1,357,89315.82,78357.891,87.73125634406088,,,,342050.93,86106.362,25.173550032446922,269909.84,0.0,0.0,236350,20,4500
1,487,2,344234,86971.03,0.0,0.0,,,,342894.0,0.0,0.0,270306.82,0.0,0.0,241236,20,4500
1,487,3,688970,87013.36,0.0,0.0,,,,318555.85,0.0,0.0,247079.59,0.0,0.0,217331,20,4500
1,487,4,903632,87614.11,0.0,0.0,,,,1085297.9,258386.125,23.80785266423164,1018987.97,291023.912,28.56009301071533,208750,20,4500
1,487,5,1646268,86933.37,84721.189,97.45531434016651,,,,297344.05,248406.382,83.54173624795924,225253.09,189010.941,83.91047643341984,196753,20,4500
1,487,6,1601867,87562.28,85438.458,97.57450125784757,,,,303928.91,255240.39,83.98029328634779,230859.99,195948.72,84.87773043739628,202210,20,4500
1,487,7,1592486,87943.91,85851.69,97.62096090564997,,,,310561.8,261645.918,84.2492276899477,236852.39,200803.652,84.78008264978875,208529,20,4500
1,487,8,812040,87946.59,85549.543,97.27442871861207,,,,307301.24,257911.983,83.92806452717211,234160.95,197714.992,84.43550984910165,205420,20,4500
1,487,9,820530,87083.35,85046.231,97.66072504100956,,,,317911.86,268398.667,84.42549673988258,239470.71,203666.626,85.04865835157878,216023,20,4500
1,487,10,834215,87097.79,85185.431,97.80435416329163,,,,325983.25,277334.176,85.07620437553156,253776.62,217651.074,85.76482498663589,223984,20,4500
1,487,11,850524,87871.39,86281.716,98.19090832636196,,,,313604.93,264354.959,84.29553674427248,240804.71,204445.225,84.90084143287729,211781,20,4500
1,487,12,856522,88023.49,86031.209,97.73664847871858,,,,305861.48,256872.055,83.98313347597743,232283.67,196521.781,84.60421733477862,204101,20,4500
1,487,13,845392,87500.9,86004.611,98.2899730174204,,,,300105.35,250937.164,83.61635805559615,227273.25,191029.26,84.05268107883352,198606,20,4500
1,487,14,818388,88018.65,86902.787,98.7322425417795,,,,306444.42,237466.37,77.49084483248218,233435.72,176619.803,75.66100123837089,204627,20,4500
1,487,15,810985,87450.0,86608.324,99.03753459119496,,,,312179.31,238294.904,76.33270250997737,235768.3,177636.529,75.34368657703348,210933,20,4500
1,487,16,817724,87039.99,86514.801,99.39661183325045,,,,304475.06,217390.901,71.39859041328377,232954.69,157596.602,67.65118229643714,203061,20,4500
1,487,17,822328,87567.37,87295.565,99.68960470092912,,,,301280.86,204274.507,67.80201935164419,227764.87,142028.22,62.357386369548564,199415,20,4500
1,487,18,813732,86415.69,86326.429,99.89670741505391,,,,311251.22,188066.883,60.42285810156825,240487.0,128203.25,53.309846270276566,210518,20,4500
1,487,19,817354,87616.15,87526.707,99.89791493919785,,,,303156.13,186188.527,61.41671191013027,230326.08,124328.127,53.97917899701154,201237,20,4500
1,487,20,814504,742935.46,742848.098,99.98824097048754,,,,979964.85,751165.575,76.65229778394603,240308.04,0.0,0.0,222072,20,4500
1,487,21,1495578,88101.56,46924.009,53.26126915346334,,,,326608.67,53859.111,16.49041068015739,252840.34,572.646,0.22648521988223871,224505,20,4500
1,487,22,1509638,87514.45,54945.223,62.78417221384583,,,,329840.47,62030.519,18.80621835155644,262244.75,5744.049,2.1903389867671326,227980,20,4500
1,487,23,879042,87389.97,55134.332,63.08999991646639,,,,328933.31,62189.704,18.906478033495603,262027.85,12557.874,4.792572239935564,227063,20,4500
1,487,24,883724,87559.29,62183.666,71.01892443394641,,,,327231.11,69022.057,21.092755209001982,261473.55,18364.76,7.02356318641025,225710,20,4500
1,487,25,885418,87776.56,67037.965,76.3734247502978,,,,315550.12,74338.785,23.558471471980425,211519.52,0.0,0.0,213602,20,4500
1,487,26,,,,,,,,,,,376.45,0.0,0.0,,,
